unit_id,power_kw,enclosure_c,marginal_wear,assignment
1,0.0,,1.234111369,offline
2,0.0,,1.540099252,offline
3,20.0,,1.585591588,added
4,0.0,,1.329871858,offline
6,0.0,,1.332136443,offline
7,0.0,,1.326190842,offline
9,0.0,,1.487747484,offline
11,0.0,,1.152877553,offline
12,0.0,,1.148085006,offline
14,0.0,,1.388542505,offline
16,0.0,,1.23349611,offline
17,0.0,,1.240239159,offline
19,0.0,,1.36170261,offline
20,0.0,,1.109805262,offline
21,0.0,,1.220300084,offline
23,0.0,,1.265450317,offline
24,20.0,,1.55578335,added
26,20.0,,1.610422789,added
29,0.0,,1.299211071,offline
31,0.0,,1.551061994,offline
32,0.0,,1.20141535,offline
33,0.0,,1.131992462,offline
34,0.0,,1.327895212,offline
35,0.0,,1.137658617,offline
37,20.0,,1.557436987,added
38,0.0,,1.044233793,offline
40,20.0,,1.5960029,added
41,0.0,,1.442873052,offline
42,0.0,,1.140938045,offline
43,0.0,,1.469850191,offline
45,20.0,,1.584421397,added
46,0.0,,1.459215844,offline
47,20.0,,1.608095254,added
48,0.0,,1.550560425,offline
49,20.0,,1.623633028,added
50,0.0,,1.198972436,offline
51,0.0,,1.148670553,offline
52,0.0,,1.012520992,offline
54,0.0,,1.003239292,offline
55,0.0,,1.256137501,offline
56,20.0,,1.585338589,added
57,0.0,,1.499800367,offline
59,0.0,,1.21320487,offline
60,0.0,,1.11399272,offline
61,0.0,,1.160415838,offline
62,0.0,,1.497839302,offline
63,0.0,,1.291234049,offline
64,0.0,,1.455396445,offline
66,0.0,,1.321379302,offline
67,20.0,,1.665139921,added
68,0.0,,1.019646121,offline
69,0.0,,1.546175081,offline
72,20.0,,1.57178919,added
74,0.0,,1.23539537,offline
75,0.0,,1.297614959,offline
76,0.0,,1.448094155,offline
77,0.0,,1.50890594,offline
79,0.0,,1.447389997,offline
80,0.0,,1.048051494,offline
82,0.0,,1.222668393,offline
84,0.0,,1.211991634,offline
85,0.0,,1.295739723,offline
86,0.0,,1.137231044,offline
87,0.0,,1.302568922,offline
88,20.0,,1.600955505,added
89,0.0,,1.26731082,offline
90,0.0,,1.048457365,offline
91,20.0,,1.586328107,added
93,0.0,,1.108921938,offline
94,0.0,,1.424244239,offline
95,0.0,,1.068266388,offline
96,0.0,,1.016931514,offline
97,0.0,,1.374537993,offline
98,0.0,,1.286526871,offline
100,0.0,,1.013509726,offline
101,20.0,,1.646427574,added
103,0.0,,1.417005446,offline
104,0.0,,1.500750747,offline
105,0.0,,1.247116382,offline
106,0.0,,1.252386252,offline
107,0.0,,1.052997901,offline
109,0.0,,1.028673345,offline
110,0.0,,1.137109948,offline
112,0.0,,1.45759032,offline
113,0.0,,1.511991172,offline
114,0.0,,1.294448186,offline
115,0.0,,1.161145954,offline
117,0.0,,1.123781456,offline
118,0.0,,1.295821954,offline
120,0.0,,1.298099803,offline
122,0.0,,1.175266036,offline
123,0.0,,1.527606591,offline
124,0.0,,1.538034445,offline
125,0.0,,1.500490669,offline
127,0.0,,1.046091882,offline
128,0.0,,1.545901283,offline
130,0.0,,1.050698209,offline
131,0.0,,1.546305948,offline
132,0.0,,1.440658673,offline
133,0.0,,1.404606982,offline
134,0.0,,1.537718749,offline
135,20.0,,1.624710519,added
138,20.0,,1.656579171,added
140,20.0,,1.664860644,added
141,0.0,,1.269134588,offline
142,0.0,,1.147202253,offline
143,0.0,,1.070895745,offline
144,0.0,,1.268228592,offline
145,0.0,,1.119129331,offline
146,20.0,,1.683421314,added
148,20.0,,1.612062593,added
149,0.0,,1.382811569,offline
150,0.0,,1.463902361,offline
151,0.0,,1.259440366,offline
153,0.0,,1.015866242,offline
154,0.0,,1.320590594,offline
155,20.0,,1.572801716,added
156,0.0,,1.180653271,offline
158,0.0,,1.480433903,offline
159,0.0,,1.370566495,offline
160,0.0,,1.062818233,offline
161,0.0,,1.281183595,offline
162,20.0,,1.589644304,added
163,0.0,,1.281219589,offline
164,0.0,,1.045146794,offline
165,20.0,,1.579557744,added
166,0.0,,1.30391615,offline
172,0.0,,1.32925657,offline
173,20.0,,1.569004792,added
174,0.0,,1.258875143,offline
175,0.0,,1.201535717,offline
176,0.0,,1.205858231,offline
177,0.0,,1.111026117,offline
178,0.0,,1.239053173,offline
179,0.0,,1.224698911,offline
180,20.0,,1.672571993,added
181,0.0,,1.25148099,offline
182,0.0,,1.046659846,offline
183,0.0,,1.421603553,offline
184,0.0,,1.200946123,offline
186,0.0,,1.221711258,offline
187,20.0,,1.556969197,added
188,0.0,,1.176027713,offline
189,0.0,,1.482129845,offline
191,0.0,,1.303287463,offline
192,0.0,,1.527197367,offline
193,0.0,,1.438620021,offline
194,0.0,,1.070015189,offline
195,0.0,,1.020671512,offline
197,0.0,,1.34035335,offline
199,0.0,,1.412694557,offline
201,0.0,,1.195020819,offline
202,0.0,,1.483828094,offline
203,0.0,,1.548389196,offline
205,0.0,,1.029446095,offline
206,0.0,,1.362443938,offline
207,0.0,,1.475175302,offline
208,20.0,,1.588830001,added
209,0.0,,1.141464895,offline
210,0.0,,1.543594303,offline
213,0.0,,1.224345315,offline
214,0.0,,1.44079737,offline
215,0.0,,1.297964709,offline
216,0.0,,1.387642321,offline
217,0.0,,1.363016289,offline
219,0.0,,1.013392257,offline
221,0.0,,1.033098677,offline
222,0.0,,1.077918709,offline
223,0.0,,1.206023228,offline
224,0.0,,1.286835351,offline
228,0.0,,1.389719716,offline
229,0.0,,1.015835279,offline
230,20.0,,1.625820831,added
232,0.0,,1.107439696,offline
234,0.0,,1.001785301,offline
236,0.0,,1.493285605,offline
239,0.0,,1.046498646,offline
240,0.0,,1.498149326,offline
241,0.0,,1.242067409,offline
242,0.0,,1.439391482,offline
243,0.0,,1.066301081,offline
244,0.0,,1.360555767,offline
245,0.0,,1.408532603,offline
246,0.0,,1.003891822,offline
247,0.0,,1.474518876,offline
249,0.0,,1.060764893,offline
251,0.0,,1.489316689,offline
252,0.0,,1.210593685,offline
254,0.0,,1.47351636,offline
255,0.0,,1.436914716,offline
256,0.0,,1.3764701,offline
258,0.0,,1.129925562,offline
259,0.0,,1.210464711,offline
260,0.0,,1.283220467,offline
261,0.0,,1.062427766,offline
263,0.0,,1.488617957,offline
264,20.0,,1.601590268,added
266,0.0,,1.494751613,offline
267,0.0,,1.2762959,offline
268,0.0,,1.531230989,offline
269,0.0,,1.500238147,offline
270,0.0,,1.298825376,offline
271,0.0,,1.231767572,offline
272,0.0,,1.357799075,offline
274,0.0,,1.165329627,offline
276,0.0,,1.235263708,offline
277,0.0,,1.272650756,offline
278,0.0,,1.1228732,offline
279,0.0,,1.391862092,offline
280,0.0,,1.371855024,offline
281,20.0,,1.681817392,added
283,0.0,,1.247867147,offline
285,0.0,,1.308286569,offline
286,0.0,,1.406727997,offline
287,0.0,,1.128274795,offline
289,0.0,,1.373314225,offline
291,0.0,,1.026436354,offline
293,0.0,,1.226313305,offline
294,0.0,,1.451468149,offline
295,20.0,,1.673788435,added
296,0.0,,1.170719649,offline
297,0.0,,1.527181978,offline
299,0.0,,1.163407249,offline
300,0.0,,1.467610999,offline
301,0.0,,1.184054803,offline
302,0.0,,1.143310348,offline
303,0.0,,1.489996226,offline
304,0.0,,1.456664705,offline
305,20.0,,1.643835067,added
308,0.0,,1.336330693,offline
309,0.0,,1.486090373,offline
310,20.0,,1.673770101,added
312,20.0,,1.682751234,added
313,0.0,,1.502583234,offline
314,0.0,,1.133471351,offline
316,0.0,,1.281365087,offline
317,0.0,,1.405084912,offline
319,0.0,,1.207337403,offline
321,0.0,,1.2290967,offline
322,0.0,,1.087218825,offline
323,0.0,,1.513613197,offline
325,0.0,,1.40238955,offline
327,0.0,,1.396352719,offline
329,0.0,,1.112754143,offline
330,0.0,,1.283373026,offline
331,0.0,,1.122482613,offline
333,0.0,,1.469610384,offline
334,20.0,,1.655608411,added
335,0.0,,1.23838082,offline
338,0.0,,1.079059051,offline
339,0.0,,1.318808741,offline
343,0.0,,1.226588937,offline
344,20.0,,1.563154893,added
345,0.0,,1.086083623,offline
346,0.0,,1.431018015,offline
347,20.0,,1.576133157,added
348,0.0,,1.25855155,offline
349,0.0,,1.422128692,offline
350,0.0,,1.366191882,offline
351,0.0,,1.084637757,offline
352,0.0,,1.068529213,offline
354,0.0,,1.002927824,offline
359,0.0,,1.002467856,offline
360,0.0,,1.115970834,offline
361,0.0,,1.318683926,offline
362,0.0,,1.181367196,offline
363,0.0,,1.06048513,offline
367,0.0,,1.253052509,offline
370,0.0,,1.323632357,offline
371,0.0,,1.127656924,offline
372,0.0,,1.135572467,offline
373,0.0,,1.408959883,offline
375,0.0,,1.076338445,offline
376,0.0,,1.42971238,offline
377,0.0,,1.354591868,offline
379,0.0,,1.152948959,offline
380,20.0,,1.655581871,added
381,0.0,,1.322998496,offline
382,20.0,,1.646518114,added
386,0.0,,1.292617761,offline
387,0.0,,1.275891558,offline
388,0.0,,1.122665394,offline
389,0.0,,1.255335174,offline
390,0.0,,1.119352227,offline
392,0.0,,1.047318145,offline
393,0.0,,1.191708176,offline
397,0.0,,1.383608978,offline
398,0.0,,1.045104923,offline
400,0.0,,1.286286526,offline
402,0.0,,1.019368055,offline
403,0.0,,1.034808304,offline
404,20.0,,1.598105265,added
405,20.0,,1.68411049,added
406,20.0,,1.561987949,added
407,0.0,,1.532204604,offline
408,20.0,,1.597115141,added
409,0.0,,1.130940733,offline
410,0.0,,1.063624857,offline
411,0.0,,1.349401431,offline
412,0.0,,1.547779667,offline
413,0.0,,1.248861307,offline
414,0.0,,1.17901413,offline
415,0.0,,1.446383933,offline
416,0.0,,1.409695527,offline
417,0.0,,1.2687014,offline
420,0.0,,1.046787001,offline
421,0.0,,1.480068156,offline
422,0.0,,1.237756722,offline
423,0.0,,1.336102945,offline
424,0.0,,1.02847789,offline
425,0.0,,1.080082054,offline
426,0.0,,1.033521683,offline
427,0.0,,1.125663429,offline
428,20.0,,1.649265034,added
429,0.0,,1.078339951,offline
432,0.0,,1.269238269,offline
435,0.0,,1.116247231,offline
436,20.0,,1.560069531,added
437,0.0,,1.465558929,offline
438,0.0,,1.310322329,offline
439,0.0,,1.287945941,offline
440,0.0,,1.086496865,offline
441,20.0,,1.647081645,added
442,0.0,,1.197722576,offline
443,0.0,,1.422729861,offline
445,0.0,,1.348264534,offline
446,0.0,,1.31617716,offline
448,20.0,,1.5835726,added
449,20.0,,1.570515631,added
450,0.0,,1.222380432,offline
451,20.0,,1.641217044,added
452,0.0,,1.379172544,offline
453,0.0,,1.543802994,offline
454,0.0,,1.397677231,offline
455,0.0,,1.081058515,offline
459,0.0,,1.30647282,offline
460,0.0,,1.281441741,offline
461,0.0,,1.135631634,offline
462,0.0,,1.305708192,offline
463,0.0,,1.325089658,offline
464,0.0,,1.183959694,offline
465,0.0,,1.26459263,offline
466,0.0,,1.294026215,offline
468,0.0,,1.446281743,offline
470,0.0,,1.049762197,offline
471,0.0,,1.188461554,offline
473,0.0,,1.050307344,offline
474,0.0,,1.069459607,offline
475,0.0,,1.517980636,offline
476,0.0,,1.289834178,offline
477,0.0,,1.194191189,offline
478,20.0,,1.608740034,added
479,20.0,,1.609103726,added
480,0.0,,1.18806578,offline
481,0.0,,1.539068769,offline
482,0.0,,1.454802516,offline
484,0.0,,1.068440496,offline
485,0.0,,1.233113876,offline
486,20.0,,1.56505145,added
487,0.0,,1.033384459,offline
490,0.0,,1.32829073,offline
492,0.0,,1.249082526,offline
494,0.0,,1.211710348,offline
495,0.0,,1.005906137,offline
496,0.0,,1.068280105,offline
497,0.0,,1.458663704,offline
498,0.0,,1.038360057,offline
500,20.0,,1.631160312,added
501,20.0,,1.568838021,added
502,20.0,,1.626249976,added
503,0.0,,1.418198172,offline
506,0.0,,1.430337603,offline
507,0.0,,1.284070616,offline
508,0.0,,1.144374588,offline
509,0.0,,1.315173507,offline
510,0.0,,1.353147913,offline
511,0.0,,1.080449233,offline
513,0.0,,1.257981875,offline
514,0.0,,1.540032207,offline
515,0.0,,1.066132746,offline
516,0.0,,1.552030144,offline
517,20.0,,1.646015356,added
518,0.0,,1.07974563,offline
520,0.0,,1.163141229,offline
521,0.0,,1.262903565,offline
523,0.0,,1.336747198,offline
525,0.0,,1.238211711,offline
526,0.0,,1.313969431,offline
530,0.0,,1.288097627,offline
531,0.0,,1.530972637,offline
532,0.0,,1.410888469,offline
533,20.0,,1.676054258,added
534,0.0,,1.227417794,offline
537,0.0,,1.174896025,offline
538,0.0,,1.314033988,offline
539,0.0,,1.336149262,offline
541,0.0,,1.456098143,offline
542,20.0,,1.616272514,added
544,0.0,,1.396629452,offline
546,0.0,,1.292114341,offline
547,0.0,,1.01273982,offline
548,0.0,,1.102631872,offline
550,0.0,,1.381330092,offline
552,0.0,,1.532969077,offline
554,0.0,,1.35256379,offline
555,20.0,,1.587273709,added
557,0.0,,1.37677839,offline
558,0.0,,1.49077705,offline
561,0.0,,1.350332271,offline
562,0.0,,1.067042533,offline
564,0.0,,1.447260614,offline
567,0.0,,1.368067616,offline
569,0.0,,1.547799686,offline
572,20.0,,1.580176588,added
574,0.0,,1.398358031,offline
575,0.0,,1.378760887,offline
576,20.0,,1.640212917,added
577,0.0,,1.404958262,offline
579,0.0,,1.531240404,offline
582,20.0,,1.567450423,added
586,0.0,,1.019485037,offline
587,0.0,,1.01543829,offline
588,20.0,,1.634617325,added
589,0.0,,1.332945558,offline
591,0.0,,1.391763494,offline
593,0.0,,1.246047275,offline
594,20.0,,1.629489181,added
597,0.0,,1.366443833,offline
598,0.0,,1.481804225,offline
599,0.0,,1.535409775,offline
600,0.0,,1.34453088,offline
601,0.0,,1.483948566,offline
604,0.0,,1.31453963,offline
605,20.0,,1.683924922,added
607,0.0,,1.362122334,offline
611,0.0,,1.084363498,offline
614,0.0,,1.241350288,offline
615,20.0,,1.633067583,added
616,0.0,,1.090104206,offline
617,20.0,,1.602334471,added
621,0.0,,1.293430868,offline
622,0.0,,1.115944801,offline
624,0.0,,1.025706126,offline
625,0.0,,1.233115883,offline
626,0.0,,1.236891358,offline
628,0.0,,1.442090197,offline
630,20.0,,1.667902962,added
634,0.0,,1.276123352,offline
635,0.0,,1.355459052,offline
636,20.0,,1.628423157,added
637,20.0,,1.58290664,added
640,0.0,,1.304969288,offline
641,0.0,,1.120974512,offline
644,0.0,,1.2768985,offline
645,0.0,,1.056949668,offline
646,0.0,,1.023128591,offline
647,0.0,,1.248247573,offline
648,0.0,,1.273520298,offline
649,0.0,,1.207360896,offline
650,0.0,,1.050559341,offline
651,0.0,,1.17037576,offline
652,0.0,,1.349927212,offline
653,0.0,,1.092262711,offline
654,0.0,,1.206574955,offline
655,0.0,,1.438072677,offline
658,0.0,,1.405051783,offline
659,0.0,,1.125917827,offline
660,0.0,,1.269197441,offline
661,20.0,,1.674807202,added
662,0.0,,1.407330645,offline
663,20.0,,1.570323472,added
665,20.0,,1.658799786,added
667,0.0,,1.085654611,offline
668,0.0,,1.296897062,offline
669,0.0,,1.034091386,offline
670,0.0,,1.521128409,offline
671,20.0,,1.614705404,added
672,0.0,,1.253959628,offline
673,0.0,,1.055492101,offline
674,0.0,,1.463847973,offline
675,0.0,,1.16770079,offline
676,0.0,,1.194538164,offline
677,0.0,,1.381325878,offline
679,0.0,,1.360035093,offline
681,0.0,,1.372468241,offline
682,0.0,,1.405258408,offline
683,0.0,,1.140107237,offline
684,0.0,,1.184592988,offline
686,0.0,,1.429253624,offline
687,0.0,,1.285282517,offline
690,0.0,,1.264326422,offline
691,0.0,,1.434264157,offline
692,20.0,,1.566931497,added
693,0.0,,1.166152604,offline
694,0.0,,1.427268627,offline
695,0.0,,1.284028689,offline
697,0.0,,1.094550426,offline
699,0.0,,1.235557044,offline
700,0.0,,1.331152172,offline
701,0.0,,1.075612022,offline
704,0.0,,1.067622415,offline
705,0.0,,1.52817561,offline
706,0.0,,1.390573374,offline
707,20.0,,1.606067749,added
708,0.0,,1.335908446,offline
710,0.0,,1.217998741,offline
712,0.0,,1.267657988,offline
713,20.0,,1.649463088,added
714,0.0,,1.427794721,offline
715,0.0,,1.525874594,offline
716,0.0,,1.522023592,offline
717,20.0,,1.625977668,added
718,0.0,,1.067998904,offline
719,0.0,,1.059445777,offline
721,0.0,,1.253058161,offline
722,0.0,,1.356774946,offline
723,0.0,,1.239725994,offline
724,20.0,,1.645656896,added
726,0.0,,1.402714003,offline
727,0.0,,1.321332022,offline
728,0.0,,1.349494126,offline
729,0.0,,1.027103364,offline
730,0.0,,1.089852834,offline
731,0.0,,1.04804798,offline
732,0.0,,1.323911533,offline
734,0.0,,1.141249222,offline
735,0.0,,1.548901832,offline
736,0.0,,1.207167605,offline
737,0.0,,1.036781712,offline
739,0.0,,1.127250899,offline
740,0.0,,1.13513206,offline
742,0.0,,1.243741802,offline
743,0.0,,1.198910996,offline
745,0.0,,1.194332579,offline
747,0.0,,1.30676347,offline
748,20.0,,1.565661669,added
749,0.0,,1.311005629,offline
750,0.0,,1.339213814,offline
753,0.0,,1.174834302,offline
755,0.0,,1.139559469,offline
756,0.0,,1.299341091,offline
757,0.0,,1.070822323,offline
758,20.0,,1.647885467,added
762,0.0,,1.394780326,offline
763,0.0,,1.177195258,offline
764,0.0,,1.004306455,offline
765,0.0,,1.440235392,offline
767,0.0,,1.448752667,offline
768,20.0,,1.615825308,added
772,20.0,,1.59233822,added
773,0.0,,1.231818141,offline
775,0.0,,1.417627348,offline
777,0.0,,1.223394463,offline
779,0.0,,1.164048661,offline
782,0.0,,1.15203265,offline
784,20.0,,1.64436532,added
785,20.0,,1.603554102,added
786,0.0,,1.254026057,offline
787,0.0,,1.328376813,offline
788,0.0,,1.235098652,offline
789,0.0,,1.44138981,offline
790,20.0,,1.647880333,added
793,0.0,,1.346817135,offline
794,0.0,,1.336141258,offline
797,0.0,,1.221619526,offline
798,0.0,,1.412803713,offline
799,0.0,,1.276151179,offline
801,0.0,,1.016442697,offline
804,0.0,,1.331856688,offline
805,20.0,,1.680454541,added
806,0.0,,1.369649932,offline
807,20.0,,1.636838215,added
808,0.0,,1.425352044,offline
810,0.0,,1.457611711,offline
812,20.0,,1.576263108,added
813,0.0,,1.372444898,offline
815,0.0,,1.19538531,offline
819,20.0,,1.610403112,added
820,20.0,,1.622437586,added
822,0.0,,1.43311423,offline
826,0.0,,1.440704541,offline
827,20.0,,1.652538329,added
828,0.0,,1.092266629,offline
829,0.0,,1.072087091,offline
830,0.0,,1.107469586,offline
832,0.0,,1.355117721,offline
834,0.0,,1.079218361,offline
835,0.0,,1.172403878,offline
837,0.0,,1.418452657,offline
838,0.0,,1.220357817,offline
840,0.0,,1.234434771,offline
842,0.0,,1.274928683,offline
844,0.0,,1.479597509,offline
846,0.0,,1.296261175,offline
848,0.0,,1.302733444,offline
849,0.0,,1.448171217,offline
850,20.0,,1.632583833,added
851,0.0,,1.554500126,offline
852,20.0,,1.670836188,added
854,0.0,,1.267808418,offline
855,0.0,,1.008754161,offline
857,20.0,,1.600267786,added
858,20.0,,1.563389165,added
859,0.0,,1.495711188,offline
861,0.0,,1.297010187,offline
863,0.0,,1.167931082,offline
866,0.0,,1.15421237,offline
868,0.0,,1.273052437,offline
869,0.0,,1.059032285,offline
870,0.0,,1.431210853,offline
872,0.0,,1.28344661,offline
874,0.0,,1.002268676,offline
875,0.0,,1.267780814,offline
876,0.0,,1.341608877,offline
877,0.0,,1.370884062,offline
878,0.0,,1.299681568,offline
879,0.0,,1.02136849,offline
880,0.0,,1.209954676,offline
881,0.0,,1.261640531,offline
882,20.0,,1.672489621,added
883,0.0,,1.377313071,offline
885,0.0,,1.442487394,offline
886,0.0,,1.340715272,offline
887,0.0,,1.158976491,offline
888,0.0,,1.22834199,offline
890,0.0,,1.455147986,offline
891,0.0,,1.313522471,offline
892,0.0,,1.218342656,offline
897,0.0,,1.241305113,offline
899,0.0,,1.071428066,offline
900,20.0,,1.664901781,added
901,0.0,,1.322221501,offline
902,20.0,,1.661839285,added
903,0.0,,1.226619743,offline
904,0.0,,1.353503614,offline
905,20.0,,1.670236013,added
907,0.0,,1.340704972,offline
908,0.0,,1.169132533,offline
909,0.0,,1.124601591,offline
910,20.0,,1.67135162,added
912,0.0,,1.016966057,offline
913,0.0,,1.344909809,offline
914,0.0,,1.168941769,offline
916,0.0,,1.132289086,offline
917,0.0,,1.068605577,offline
921,0.0,,1.11460607,offline
922,0.0,,1.407868625,offline
923,0.0,,1.52002616,offline
926,0.0,,1.060023072,offline
927,0.0,,1.453039534,offline
929,0.0,,1.54316052,offline
930,20.0,,1.666766123,added
934,20.0,,1.57192536,added
935,0.0,,1.307580443,offline
936,0.0,,1.159688959,offline
937,0.0,,1.167483922,offline
938,20.0,,1.64049762,added
942,0.0,,1.287861311,offline
943,0.0,,1.334473684,offline
944,0.0,,1.196228618,offline
945,0.0,,1.543923086,offline
948,0.0,,1.436806741,offline
949,0.0,,1.15904104,offline
953,0.0,,1.292143539,offline
954,0.0,,1.390246913,offline
955,20.0,,1.583565966,added
957,0.0,,1.242800902,offline
958,0.0,,1.41971412,offline
959,0.0,,1.06017107,offline
960,0.0,,1.003109728,offline
961,0.0,,1.24336565,offline
963,20.0,,1.675356958,added
964,0.0,,1.476753675,offline
965,0.0,,1.409595482,offline
966,0.0,,1.264913411,offline
968,0.0,,1.487725314,offline
969,0.0,,1.070026023,offline
970,20.0,,1.627180541,added
972,0.0,,1.072811016,offline
974,0.0,,1.099501838,offline
975,0.0,,1.307709458,offline
978,0.0,,1.184636478,offline
980,20.0,,1.612649167,added
981,0.0,,1.39803309,offline
983,20.0,,1.634617647,added
984,0.0,,1.225111588,offline
985,0.0,,1.490174871,offline
987,20.0,,1.621532938,added
988,0.0,,1.542970603,offline
990,0.0,,1.134759662,offline
991,0.0,,1.042923872,offline
992,0.0,,1.032840645,offline
993,20.0,,1.620546954,added
994,0.0,,1.434455028,offline
997,0.0,,1.111996427,offline
998,0.0,,1.378874374,offline
999,0.0,,1.419503967,offline
1000,0.0,,1.546464548,offline
1002,20.0,,1.599977986,added
1003,0.0,,1.304826341,offline
1004,20.0,,1.662989913,added
1005,0.0,,1.329075125,offline
1006,19.797333,,1.555215209,increased
1007,0.0,,1.098648921,offline
1008,20.0,,1.563986812,added
1009,0.0,,1.478567005,offline
1010,20.0,,1.645451137,added
1011,20.0,,1.56667651,added
1012,20.0,,1.572755463,added
1014,0.0,,1.133449178,offline
1016,20.0,,1.62377956,added
1018,0.0,,1.399572621,offline
1019,0.0,,1.085165776,offline
1023,0.0,,1.46034486,offline
1026,0.0,,1.549908501,offline
1029,0.0,,1.10267745,offline
1030,0.0,,1.133792032,offline
1031,0.0,,1.407387486,offline
1033,20.0,,1.652642379,added
1034,20.0,,1.564346222,added
1042,20.0,,1.626755256,added
1052,20.0,,1.643311965,added
1066,20.0,,1.61393097,added
1069,20.0,,1.661392227,added
1072,20.0,,1.595554369,added
1082,20.0,,1.679681355,added
1085,20.0,,1.624308646,added
1095,20.0,,1.560351951,added
1099,20.0,,1.64129606,added
1100,20.0,,1.653053498,added
1114,20.0,,1.602984666,added
1129,20.0,,1.674245772,added
1135,20.0,,1.59726208,added
1141,20.0,,1.63469744,added
1152,20.0,,1.591022961,added
1155,20.0,,1.671552587,added
1159,20.0,,1.640588905,added
1201,20.0,,1.677696823,added
1203,20.0,,1.621076802,added
1209,20.0,,1.618037738,added
1216,20.0,,1.635753323,added
1223,20.0,,1.581922536,added
1236,20.0,,1.632494959,added
1237,20.0,,1.594069038,added
1261,20.0,,1.59929832,added
1269,20.0,,1.598732062,added
1272,20.0,,1.659917932,added
1273,20.0,,1.615895737,added
1276,20.0,,1.619926732,added
1277,20.0,,1.682885116,added
1282,20.0,,1.628379227,added
1288,20.0,,1.588768399,added
1291,20.0,,1.647362708,added
1306,20.0,,1.667585224,added
1317,20.0,,1.67366858,added
1320,20.0,,1.634363256,added
1334,20.0,,1.671895796,added
1336,20.0,,1.632191326,added
1372,20.0,,1.669137681,added
1374,20.0,,1.578851369,added
1386,20.0,,1.579554019,added
1388,20.0,,1.577677777,added
1398,20.0,,1.614374664,added
1403,20.0,,1.670184435,added
1425,20.0,,1.630725964,added
1426,20.0,,1.557799808,added
1440,20.0,,1.678248565,added
1443,20.0,,1.612669005,added
1448,20.0,,1.55656319,added
1454,20.0,,1.568201351,added
1465,20.0,,1.649385203,added
1467,20.0,,1.664351473,added
1469,20.0,,1.667771127,added
1479,20.0,,1.594022349,added
1482,20.0,,1.555635335,added
1492,20.0,,1.57318771,added
1494,20.0,,1.650026666,added
1495,20.0,,1.580580918,added
1498,20.0,,1.572010591,added
1500,20.0,,1.585216269,added
1508,20.0,,1.646167076,added
1512,20.0,,1.646131615,added
1526,20.0,,1.661420751,added
1527,20.0,,1.604450278,added
1534,20.0,,1.569941664,added
1535,20.0,,1.613294716,added
1540,20.0,,1.648301846,added
1554,20.0,,1.565524756,added
1557,20.0,,1.592134985,added
1574,20.0,,1.583858287,added
1577,20.0,,1.67657252,added
1581,20.0,,1.625387898,added
1598,20.0,,1.643684897,added
1602,20.0,,1.623271115,added
1604,20.0,,1.587369701,added
1610,20.0,,1.616902767,added
1613,20.0,,1.646977358,added
1624,20.0,,1.56392257,added
1660,20.0,,1.65848108,added
1679,20.0,,1.670103732,added
1680,20.0,,1.566112573,added
1683,20.0,,1.667231636,added
1703,20.0,,1.670428229,added
1716,20.0,,1.618235598,added
1727,20.0,,1.674368959,added
1729,20.0,,1.659938711,added
1736,20.0,,1.616647346,added
1744,20.0,,1.590824495,added
1745,20.0,,1.630532025,added
1774,20.0,,1.599127705,added
1775,20.0,,1.659653888,added
1779,20.0,,1.613213181,added
1786,20.0,,1.648902598,added
1799,20.0,,1.627201401,added
1804,20.0,,1.662786494,added
1808,20.0,,1.585093721,added
1810,6.976,,1.684349923,added
1811,20.0,,1.627398649,added
1812,20.0,,1.568674709,added
1816,20.0,,1.589056431,added
1821,20.0,,1.632934198,added
1823,20.0,,1.571364598,added
1824,20.0,,1.608756052,added
1834,20.0,,1.675039468,added
1842,20.0,,1.674084793,added
1849,20.0,,1.668993368,added
1869,20.0,,1.610560541,added
1873,20.0,,1.651231372,added
1887,20.0,,1.656653493,added
1891,20.0,,1.630992092,added
1895,20.0,,1.640051087,added
1897,20.0,,1.62212543,added
1903,20.0,,1.660678845,added
1907,20.0,,1.597949645,added
1912,20.0,,1.563740474,added
1928,20.0,,1.669981732,added
1943,20.0,,1.67200945,added
1944,20.0,,1.673751495,added
1955,20.0,,1.615687655,added
1959,20.0,,1.599671732,added
1963,20.0,,1.655044497,added
1973,20.0,,1.599488705,added
1975,20.0,,1.556551475,added
1981,20.0,,1.680298116,added
1983,20.0,,1.56675287,added
1984,20.0,,1.608035596,added
1986,20.0,,1.593193565,added
1992,20.0,,1.608035019,added
1997,20.0,,1.669159595,added
2002,20.0,,1.653909741,added
2015,20.0,,1.587419757,added
2030,20.0,,1.642077838,added
2032,20.0,,1.570859187,added
2033,20.0,,1.571708702,added
2044,20.0,,1.565000353,added
2046,20.0,,1.657159831,added
2047,20.0,,1.631380395,added
2049,20.0,,1.652080985,added
2062,20.0,,1.609918062,added
2068,20.0,,1.580089022,added
2069,20.0,,1.657894439,added
2072,20.0,,1.65856206,added
2075,20.0,,1.628633524,added
2076,20.0,,1.568689482,added
2079,20.0,,1.654492321,added
2088,20.0,,1.675101332,added
2092,20.0,,1.661807191,added
2095,20.0,,1.566083525,added
2105,20.0,,1.562562826,added
2112,20.0,,1.677438863,added
2132,20.0,,1.675032951,added
2146,20.0,,1.638955651,added
2163,20.0,,1.572668174,added
2166,20.0,,1.651441869,added
2167,20.0,,1.674713158,added
2172,20.0,,1.606408968,added
2176,20.0,,1.632106453,added
2186,20.0,,1.614241494,added
2188,20.0,,1.661338624,added
2191,20.0,,1.646834417,added
2204,20.0,,1.611353678,added
2206,20.0,,1.56305955,added
2211,20.0,,1.653848932,added
2213,20.0,,1.595434831,added
2215,20.0,,1.607712873,added
2220,20.0,,1.648393392,added
2227,20.0,,1.611592403,added
2232,20.0,,1.61482498,added
2233,20.0,,1.58784382,added
2239,20.0,,1.643903891,added
2251,20.0,,1.622004826,added
2286,20.0,,1.565520258,added
2288,20.0,,1.558598703,added
2294,20.0,,1.639556524,added
2295,20.0,,1.582461931,added
2301,20.0,,1.641174197,added
2302,20.0,,1.625149816,added
2312,20.0,,1.638726141,added
2315,20.0,,1.579540398,added
2318,20.0,,1.591165435,added
2329,20.0,,1.617368408,added
2330,20.0,,1.607208675,added
2333,20.0,,1.64941092,added
2348,20.0,,1.56998809,added
2349,20.0,,1.59394896,added
2363,20.0,,1.635851681,added
2369,20.0,,1.615634987,added
2374,20.0,,1.64027912,added
2378,20.0,,1.592231387,added
2383,20.0,,1.567929413,added
2384,20.0,,1.614996495,added
2385,20.0,,1.598569677,added
2389,20.0,,1.64980548,added
2391,20.0,,1.660564095,added
2401,20.0,,1.597660146,added
2407,20.0,,1.562839063,added
2414,20.0,,1.56630059,added
2415,20.0,,1.683212365,added
2419,20.0,,1.654333701,added
2431,20.0,,1.565236981,added
2432,20.0,,1.675519489,added
2437,20.0,,1.5634048,added
2457,20.0,,1.64952373,added
2458,20.0,,1.663204443,added
2460,20.0,,1.613281942,added
2462,20.0,,1.610524506,added
2475,20.0,,1.635752764,added
2478,20.0,,1.668240739,added
2483,20.0,,1.653263049,added
2490,20.0,,1.625382754,added
2493,20.0,,1.607340021,added
2501,20.0,,1.558099996,added
2504,20.0,,1.682136036,added
2508,20.0,,1.681788958,added
2515,20.0,,1.558524745,added
2518,20.0,,1.557306045,added
2524,20.0,,1.618500904,added
2526,20.0,,1.563097889,added
2539,20.0,,1.562191929,added
2543,20.0,,1.678064731,added
2553,20.0,,1.669883071,added
2558,20.0,,1.558867684,added
2564,20.0,,1.682369152,added
2567,20.0,,1.591932695,added
2572,20.0,,1.565310728,added
2574,20.0,,1.669174478,added
2581,20.0,,1.654149875,added
2583,20.0,,1.567497536,added
2588,20.0,,1.556811861,added
2592,20.0,,1.647710532,added
2593,20.0,,1.66950271,added
2594,20.0,,1.55636978,added
2598,20.0,,1.567189154,added
2600,20.0,,1.638918587,added
2603,20.0,,1.635997344,added
2608,20.0,,1.620203442,added
2610,20.0,,1.592781421,added
2622,20.0,,1.678801459,added
2653,20.0,,1.598097331,added
2665,20.0,,1.646976355,added
2667,20.0,,1.680079866,added
2675,20.0,,1.669294173,added
2677,20.0,,1.586320547,added
2678,20.0,,1.663018097,added
2690,20.0,,1.663931549,added
2696,20.0,,1.660760097,added
2698,20.0,,1.650191928,added
2701,20.0,,1.587784225,added
2706,20.0,,1.6495534,added
2712,20.0,,1.650292718,added
2721,20.0,,1.555855851,added
2722,20.0,,1.671141307,added
2732,20.0,,1.623787585,added
2751,20.0,,1.594202592,added
2752,20.0,,1.633337156,added
2755,20.0,,1.672211896,added
2760,20.0,,1.581778276,added
2762,20.0,,1.638128605,added
2765,20.0,,1.561073273,added
2766,20.0,,1.660919513,added
2774,20.0,,1.678708255,added
2776,20.0,,1.625952485,added
2790,20.0,,1.612746576,added
2795,20.0,,1.580314507,added
2796,20.0,,1.57420882,added
2801,20.0,,1.558281166,added
2804,20.0,,1.578117429,added
2807,20.0,,1.55903542,added
2812,20.0,,1.648674227,added
2814,20.0,,1.651948382,added
2816,20.0,,1.62763907,added
2830,20.0,,1.651834869,added
2835,20.0,,1.603469798,added
2842,20.0,,1.59201566,added
2846,20.0,,1.681888558,added
2855,20.0,,1.592530088,added
2858,20.0,,1.643072984,added
2872,20.0,,1.651436707,added
2876,20.0,,1.635052754,added
2890,20.0,,1.638523612,added
2894,20.0,,1.615046614,added
2906,20.0,,1.56407788,added
2907,20.0,,1.562949549,added
2921,20.0,,1.568900432,added
2933,20.0,,1.630591789,added
2937,20.0,,1.589746285,added
2939,20.0,,1.6156623,added
2943,20.0,,1.615723198,added
2966,20.0,,1.555992437,added
2968,20.0,,1.672439973,added
2972,20.0,,1.671363124,added
2975,20.0,,1.556934635,added
2978,20.0,,1.667680908,added
2985,20.0,,1.67641984,added
2991,20.0,,1.637633777,added
2993,20.0,,1.579338181,added
2996,20.0,,1.568485736,added
3002,20.0,,1.626233277,added
3006,20.0,,1.681791464,added
3007,20.0,,1.670647381,added
3008,20.0,,1.594049046,added
3009,20.0,,1.666557267,added
3013,20.0,,1.643076675,added
3018,20.0,,1.567143691,added
3022,20.0,,1.580834665,added
3025,20.0,,1.665470989,added
3034,20.0,,1.674625511,added
3038,20.0,,1.628466094,added
3039,20.0,,1.560869278,added
3045,20.0,,1.681501136,added
3053,20.0,,1.597223734,added
3065,20.0,,1.68060734,added
3076,20.0,,1.653516326,added
3088,20.0,,1.604482131,added
3091,20.0,,1.614234108,added
3095,20.0,,1.647852057,added
3103,20.0,,1.579739132,added
3105,20.0,,1.584752428,added
3119,20.0,,1.611647657,added
3122,20.0,,1.620311295,added
3126,20.0,,1.583308658,added
3127,20.0,,1.570372707,added
3129,20.0,,1.624529931,added
3134,20.0,,1.576899434,added
3141,20.0,,1.630778646,added
3143,20.0,,1.578783121,added
3157,20.0,,1.563214347,added
3159,20.0,,1.666272054,added
3161,20.0,,1.570057351,added
3177,20.0,,1.566443084,added
3185,20.0,,1.628435535,added
3191,20.0,,1.646750955,added
3193,20.0,,1.556410502,added
3196,20.0,,1.658482977,added
3212,20.0,,1.65578887,added
3213,20.0,,1.560083569,added
3218,20.0,,1.661938107,added
3234,20.0,,1.681748688,added
3238,20.0,,1.66037479,added
3248,20.0,,1.657521894,added
3251,20.0,,1.573608052,added
3254,20.0,,1.591124082,added
3257,20.0,,1.642243872,added
3260,20.0,,1.669754118,added
3268,20.0,,1.601929931,added
3278,20.0,,1.564232114,added
3286,20.0,,1.61554983,added
3288,20.0,,1.603786445,added
3289,20.0,,1.678827309,added
3322,20.0,,1.57180373,added
3335,20.0,,1.63273254,added
3338,20.0,,1.595546269,added
3342,20.0,,1.680804191,added
3353,20.0,,1.681427571,added
3358,20.0,,1.556280512,added
3359,20.0,,1.560679757,added
3362,20.0,,1.681454368,added
3366,20.0,,1.610352654,added
3368,20.0,,1.582480906,added
3373,20.0,,1.561216793,added
3379,20.0,,1.679657967,added
3409,20.0,,1.679131108,added
3413,20.0,,1.637127859,added
3418,20.0,,1.660221761,added
3426,20.0,,1.59218165,added
3432,20.0,,1.574635476,added
3437,20.0,,1.573287345,added
3438,20.0,,1.668153785,added
3469,20.0,,1.562856517,added
3474,20.0,,1.666045224,added
3490,20.0,,1.605241591,added
3495,20.0,,1.627834507,added
3510,20.0,,1.65125845,added
3519,20.0,,1.631411501,added
3520,20.0,,1.641650665,added
3526,20.0,,1.655820008,added
3550,20.0,,1.614144611,added
3555,20.0,,1.606975282,added
3564,20.0,,1.57293959,added
3582,20.0,,1.605828526,added
3589,20.0,,1.560902271,added
3593,20.0,,1.680799711,added
3607,20.0,,1.661541761,added
3612,20.0,,1.653783029,added
3614,20.0,,1.644171393,added
3616,20.0,,1.580092238,added
3625,20.0,,1.66411953,added
3637,20.0,,1.58663816,added
3638,20.0,,1.594331998,added
3639,20.0,,1.596233171,added
3655,20.0,,1.655301065,added
3661,20.0,,1.588298682,added
3662,20.0,,1.592853146,added
3663,20.0,,1.613206506,added
3667,20.0,,1.600322601,added
3670,20.0,,1.585458144,added
3671,20.0,,1.600001074,added
3673,20.0,,1.626051917,added
3677,20.0,,1.594545046,added
3678,20.0,,1.673377208,added
3687,20.0,,1.56624215,added
3703,20.0,,1.608659834,added
3745,20.0,,1.649373159,added
3748,20.0,,1.636997283,added
3750,20.0,,1.556182886,added
3754,20.0,,1.562336261,added
3758,20.0,,1.605504502,added
3785,20.0,,1.644136329,added
3787,20.0,,1.584971615,added
3801,20.0,,1.559601166,added
3804,20.0,,1.631356556,added
3822,20.0,,1.575219139,added
3826,20.0,,1.581397861,added
3834,20.0,,1.637851404,added
3882,20.0,,1.682557257,added
3889,20.0,,1.662147896,added
3907,20.0,,1.597425976,added
3927,20.0,,1.666479031,added
3929,20.0,,1.668894117,added
3935,20.0,,1.6612475,added
3938,20.0,,1.587953789,added
3952,20.0,,1.591435639,added
3953,20.0,,1.613025314,added
3959,20.0,,1.641123729,added
3962,20.0,,1.648141296,added
3978,20.0,,1.673345035,added
3984,20.0,,1.649747807,added
3986,20.0,,1.6042737,added
3987,20.0,,1.618065844,added
3999,20.0,,1.611544374,added
